insert into public.tenants (id,name,slug,status) values ('11111111-1111-1111-1111-111111111111','ACME Industries','acme-industries','active');

insert into public.people (id,tenant_id,type,full_name,email,phone) values
('20000000-0000-0000-0000-000000000001','11111111-1111-1111-1111-111111111111','individual','Alice Admin','alice@acme.com','+55119999-0001'),
('20000000-0000-0000-0000-000000000002','11111111-1111-1111-1111-111111111111','individual','Mauro Member','mauro@acme.com','+55119999-0002'),
('20000000-0000-0000-0000-000000000003','11111111-1111-1111-1111-111111111111','individual','Bruna Member','bruna@acme.com','+55119999-0003'),
('20000000-0000-0000-0000-000000000004','11111111-1111-1111-1111-111111111111','individual','Carla Client','carla@client.com','+55119999-0004'),
('20000000-0000-0000-0000-000000000005','11111111-1111-1111-1111-111111111111','individual','Diego Client','diego@client.com','+55119999-0005'),
('20000000-0000-0000-0000-000000000006','11111111-1111-1111-1111-111111111111','individual','Elisa Client','elisa@client.com','+55119999-0006'),
('20000000-0000-0000-0000-000000000007','11111111-1111-1111-1111-111111111111','company','Logistica X','ops@logx.com','+55119999-0007'),
('20000000-0000-0000-0000-000000000008','11111111-1111-1111-1111-111111111111','individual','Fabio Recipient','fabio@acme.com','+55119999-0008'),
('20000000-0000-0000-0000-000000000009','11111111-1111-1111-1111-111111111111','individual','Giovana Contact','gigi@acme.com','+55119999-0009'),
('20000000-0000-0000-0000-000000000010','11111111-1111-1111-1111-111111111111','company','Office Supplies Ltd','vendas@office.com','+55119999-0010');

insert into public.profiles (id,tenant_id,person_id,email,full_name,role,status) values
('10000000-0000-0000-0000-000000000001','11111111-1111-1111-1111-111111111111','20000000-0000-0000-0000-000000000001','alice@acme.com','Alice Admin','admin','active'),
('10000000-0000-0000-0000-000000000002','11111111-1111-1111-1111-111111111111','20000000-0000-0000-0000-000000000002','mauro@acme.com','Mauro Member','member','active'),
('10000000-0000-0000-0000-000000000003','11111111-1111-1111-1111-111111111111','20000000-0000-0000-0000-000000000003','bruna@acme.com','Bruna Member','member','active'),
('10000000-0000-0000-0000-000000000004','11111111-1111-1111-1111-111111111111','20000000-0000-0000-0000-000000000004','carla@client.com','Carla Client','client','active'),
('10000000-0000-0000-0000-000000000005','11111111-1111-1111-1111-111111111111','20000000-0000-0000-0000-000000000005','diego@client.com','Diego Client','client','active'),
('10000000-0000-0000-0000-000000000006','11111111-1111-1111-1111-111111111111','20000000-0000-0000-0000-000000000006','elisa@client.com','Elisa Client','client','active');

insert into public.products (id,tenant_id,name,sku,price,cost_price,category) values
('50000000-0000-0000-0000-000000000001','11111111-1111-1111-1111-111111111111','Product 1','SKU-001',10,5,'general'),
('50000000-0000-0000-0000-000000000002','11111111-1111-1111-1111-111111111111','Product 2','SKU-002',20,10,'general'),
('50000000-0000-0000-0000-000000000003','11111111-1111-1111-1111-111111111111','Product 3','SKU-003',30,15,'general'),
('50000000-0000-0000-0000-000000000004','11111111-1111-1111-1111-111111111111','Product 4','SKU-004',40,20,'general'),
('50000000-0000-0000-0000-000000000005','11111111-1111-1111-1111-111111111111','Product 5','SKU-005',50,25,'general'),
('50000000-0000-0000-0000-000000000006','11111111-1111-1111-1111-111111111111','Product 6','SKU-006',60,30,'general'),
('50000000-0000-0000-0000-000000000007','11111111-1111-1111-1111-111111111111','Product 7','SKU-007',70,35,'general'),
('50000000-0000-0000-0000-000000000008','11111111-1111-1111-1111-111111111111','Product 8','SKU-008',80,40,'general'),
('50000000-0000-0000-0000-000000000009','11111111-1111-1111-1111-111111111111','Product 9','SKU-009',90,45,'general'),
('50000000-0000-0000-0000-000000000010','11111111-1111-1111-1111-111111111111','Product 10','SKU-010',100,50,'general');

insert into public.sales_orders (id,tenant_id,customer_person_id,seller_profile_id,order_number,status,subtotal_amount,total_amount,payment_status) values
('30000000-0000-0000-0000-000000000001','11111111-1111-1111-1111-111111111111','20000000-0000-0000-0000-000000000004','10000000-0000-0000-0000-000000000002','SO-001','confirmed',100,110,'paid'),
('30000000-0000-0000-0000-000000000002','11111111-1111-1111-1111-111111111111','20000000-0000-0000-0000-000000000005','10000000-0000-0000-0000-000000000002','SO-002','draft',80,85,'pending'),
('30000000-0000-0000-0000-000000000003','11111111-1111-1111-1111-111111111111','20000000-0000-0000-0000-000000000006','10000000-0000-0000-0000-000000000003','SO-003','shipped',150,160,'partial'),
('30000000-0000-0000-0000-000000000004','11111111-1111-1111-1111-111111111111','20000000-0000-0000-0000-000000000004','10000000-0000-0000-0000-000000000003','SO-004','cancelled',120,120,'refunded'),
('30000000-0000-0000-0000-000000000005','11111111-1111-1111-1111-111111111111','20000000-0000-0000-0000-000000000005','10000000-0000-0000-0000-000000000002','SO-005','delivered',210,215,'paid');

insert into public.sales_order_items (tenant_id,order_id,product_id,product_name_snapshot,sku_snapshot,unit_price,quantity,line_total) values
('11111111-1111-1111-1111-111111111111','30000000-0000-0000-0000-000000000001','50000000-0000-0000-0000-000000000001','Product 1','SKU-001',10,5,50),
('11111111-1111-1111-1111-111111111111','30000000-0000-0000-0000-000000000001','50000000-0000-0000-0000-000000000002','Product 2','SKU-002',20,3,60),
('11111111-1111-1111-1111-111111111111','30000000-0000-0000-0000-000000000002','50000000-0000-0000-0000-000000000003','Product 3','SKU-003',30,2,60),
('11111111-1111-1111-1111-111111111111','30000000-0000-0000-0000-000000000003','50000000-0000-0000-0000-000000000004','Product 4','SKU-004',40,4,160),
('11111111-1111-1111-1111-111111111111','30000000-0000-0000-0000-000000000005','50000000-0000-0000-0000-000000000005','Product 5','SKU-005',50,4,200);

insert into public.deliveries (id,tenant_id,order_id,recipient_person_id,delivery_type,status) values
('40000000-0000-0000-0000-000000000001','11111111-1111-1111-1111-111111111111','30000000-0000-0000-0000-000000000001','20000000-0000-0000-0000-000000000004','local_delivery','delivered'),
('40000000-0000-0000-0000-000000000002','11111111-1111-1111-1111-111111111111','30000000-0000-0000-0000-000000000002','20000000-0000-0000-0000-000000000005','pickup','pending'),
('40000000-0000-0000-0000-000000000003','11111111-1111-1111-1111-111111111111','30000000-0000-0000-0000-000000000003','20000000-0000-0000-0000-000000000006','third_party','in_transit'),
('40000000-0000-0000-0000-000000000004','11111111-1111-1111-1111-111111111111','30000000-0000-0000-0000-000000000004','20000000-0000-0000-0000-000000000004','local_delivery','returned'),
('40000000-0000-0000-0000-000000000005','11111111-1111-1111-1111-111111111111','30000000-0000-0000-0000-000000000005','20000000-0000-0000-0000-000000000005','local_delivery','delivered');

insert into public.bank_accounts (id,tenant_id,name,institution,account_type,currency,current_balance) values
('60000000-0000-0000-0000-000000000001','11111111-1111-1111-1111-111111111111','Main Account','Banco A','checking','BRL',10000),
('60000000-0000-0000-0000-000000000002','11111111-1111-1111-1111-111111111111','Savings','Banco B','savings','BRL',5000);

insert into public.bank_transactions (tenant_id,bank_account_id,type,amount,currency,occurred_at,description,reference_type,reference_id,status) values
('11111111-1111-1111-1111-111111111111','60000000-0000-0000-0000-000000000001','income',110,'BRL',now(),'Payment SO-001','sales_order','30000000-0000-0000-0000-000000000001','posted'),
('11111111-1111-1111-1111-111111111111','60000000-0000-0000-0000-000000000001','income',80,'BRL',now(),'Partial SO-003','sales_order','30000000-0000-0000-0000-000000000003','posted'),
('11111111-1111-1111-1111-111111111111','60000000-0000-0000-0000-000000000001','expense',250,'BRL',now(),'Carrier payment','expense',null,'posted'),
('11111111-1111-1111-1111-111111111111','60000000-0000-0000-0000-000000000001','refund',120,'BRL',now(),'Refund SO-004','sales_order','30000000-0000-0000-0000-000000000004','posted'),
('11111111-1111-1111-1111-111111111111','60000000-0000-0000-0000-000000000002','income',215,'BRL',now(),'Payment SO-005','sales_order','30000000-0000-0000-0000-000000000005','posted'),
('11111111-1111-1111-1111-111111111111','60000000-0000-0000-0000-000000000002','expense',90,'BRL',now(),'Office expense','expense',null,'posted'),
('11111111-1111-1111-1111-111111111111','60000000-0000-0000-0000-000000000001','transfer',500,'BRL',now(),'Transfer to savings','manual',null,'posted'),
('11111111-1111-1111-1111-111111111111','60000000-0000-0000-0000-000000000002','transfer',500,'BRL',now(),'Transfer from main','manual',null,'posted'),
('11111111-1111-1111-1111-111111111111','60000000-0000-0000-0000-000000000001','expense',300,'BRL',now(),'Fuel and tolls','expense',null,'posted'),
('11111111-1111-1111-1111-111111111111','60000000-0000-0000-0000-000000000001','income',60,'BRL',now(),'Manual adjustment','manual',null,'posted');

insert into public.tasks (tenant_id,title,created_by,priority,status) values
('11111111-1111-1111-1111-111111111111','Pack SO-002','10000000-0000-0000-0000-000000000002','high','todo'),
('11111111-1111-1111-1111-111111111111','Call carrier','10000000-0000-0000-0000-000000000003','medium','in_progress'),
('11111111-1111-1111-1111-111111111111','Check returns','10000000-0000-0000-0000-000000000002','urgent','blocked'),
('11111111-1111-1111-1111-111111111111','Reconcile bank','10000000-0000-0000-0000-000000000001','high','todo'),
('11111111-1111-1111-1111-111111111111','Update catalog','10000000-0000-0000-0000-000000000001','medium','done'),
('11111111-1111-1111-1111-111111111111','Review budgets','10000000-0000-0000-0000-000000000001','medium','todo'),
('11111111-1111-1111-1111-111111111111','Upload proof docs','10000000-0000-0000-0000-000000000003','low','todo'),
('11111111-1111-1111-1111-111111111111','Inventory count','10000000-0000-0000-0000-000000000002','high','in_progress');

insert into public.notes (tenant_id,title,content,visibility,created_by) values
('11111111-1111-1111-1111-111111111111','Morning sync','Route review completed','team','10000000-0000-0000-0000-000000000002'),
('11111111-1111-1111-1111-111111111111','Client SO-003','Requested delayed shipment','private','10000000-0000-0000-0000-000000000003'),
('11111111-1111-1111-1111-111111111111','Finance note','Need vendor invoice','team','10000000-0000-0000-0000-000000000001'),
('11111111-1111-1111-1111-111111111111','Warehouse','Shelf B under maintenance','team','10000000-0000-0000-0000-000000000002'),
('11111111-1111-1111-1111-111111111111','Delivery issue','Address mismatch fixed','private','10000000-0000-0000-0000-000000000003');

insert into public.finance_categories (id,tenant_id,name,type) values
('70000000-0000-0000-0000-000000000001','11111111-1111-1111-1111-111111111111','Sales Revenue','income'),
('70000000-0000-0000-0000-000000000002','11111111-1111-1111-1111-111111111111','Logistics','expense');

insert into public.finance_entries (tenant_id,category_id,type,amount,currency,description,occurred_at,reference_type,reference_id,created_by) values
('11111111-1111-1111-1111-111111111111','70000000-0000-0000-0000-000000000001','income',110,'BRL','SO-001',now(),'sales_order','30000000-0000-0000-0000-000000000001','10000000-0000-0000-0000-000000000001'),
('11111111-1111-1111-1111-111111111111','70000000-0000-0000-0000-000000000001','income',80,'BRL','SO-003 partial',now(),'sales_order','30000000-0000-0000-0000-000000000003','10000000-0000-0000-0000-000000000001'),
('11111111-1111-1111-1111-111111111111','70000000-0000-0000-0000-000000000001','income',215,'BRL','SO-005',now(),'sales_order','30000000-0000-0000-0000-000000000005','10000000-0000-0000-0000-000000000001'),
('11111111-1111-1111-1111-111111111111','70000000-0000-0000-0000-000000000002','expense',250,'BRL','Carrier',now(),'bank_txn',null,'10000000-0000-0000-0000-000000000001'),
('11111111-1111-1111-1111-111111111111','70000000-0000-0000-0000-000000000002','expense',90,'BRL','Office',now(),'bank_txn',null,'10000000-0000-0000-0000-000000000001'),
('11111111-1111-1111-1111-111111111111','70000000-0000-0000-0000-000000000002','expense',300,'BRL','Fuel',now(),'bank_txn',null,'10000000-0000-0000-0000-000000000001'),
('11111111-1111-1111-1111-111111111111','70000000-0000-0000-0000-000000000001','income',60,'BRL','Adjustment',now(),'manual',null,'10000000-0000-0000-0000-000000000001'),
('11111111-1111-1111-1111-111111111111','70000000-0000-0000-0000-000000000002','expense',40,'BRL','Packaging',now(),'manual',null,'10000000-0000-0000-0000-000000000001'),
('11111111-1111-1111-1111-111111111111','70000000-0000-0000-0000-000000000001','income',25,'BRL','Service',now(),'manual',null,'10000000-0000-0000-0000-000000000001'),
('11111111-1111-1111-1111-111111111111','70000000-0000-0000-0000-000000000002','expense',15,'BRL','Stationery',now(),'manual',null,'10000000-0000-0000-0000-000000000001');

insert into public.budgets (tenant_id,name,category_id,allocated_amount,spent_amount,period_start,period_end) values
('11111111-1111-1111-1111-111111111111','Logistics Q1','70000000-0000-0000-0000-000000000002',1000,640,'2026-01-01','2026-03-31');

insert into public.objects (id,tenant_id,owner_type,owner_person_id,owner_tenant_id,object_type,title) values
('80000000-0000-0000-0000-000000000001','11111111-1111-1111-1111-111111111111','person','20000000-0000-0000-0000-000000000004',null,'digital_file','Client contract Carla'),
('80000000-0000-0000-0000-000000000002','11111111-1111-1111-1111-111111111111','person','20000000-0000-0000-0000-000000000005',null,'identity_document','Client ID Diego'),
('80000000-0000-0000-0000-000000000003','11111111-1111-1111-1111-111111111111','tenant',null,'11111111-1111-1111-1111-111111111111','archive_item','Warehouse printer'),
('80000000-0000-0000-0000-000000000004','11111111-1111-1111-1111-111111111111','tenant',null,'11111111-1111-1111-1111-111111111111','merchandise','Merch base 1'),
('80000000-0000-0000-0000-000000000005','11111111-1111-1111-1111-111111111111','tenant',null,'11111111-1111-1111-1111-111111111111','merchandise','Merch base 2'),
('80000000-0000-0000-0000-000000000006','11111111-1111-1111-1111-111111111111','tenant',null,'11111111-1111-1111-1111-111111111111','merchandise','Merch base 3'),
('80000000-0000-0000-0000-000000000007','11111111-1111-1111-1111-111111111111','tenant',null,'11111111-1111-1111-1111-111111111111','merchandise','Merch base 4'),
('80000000-0000-0000-0000-000000000008','11111111-1111-1111-1111-111111111111','tenant',null,'11111111-1111-1111-1111-111111111111','merchandise','Merch base 5');

insert into public.digital_files (object_id,storage_bucket,storage_path,mime_type,size_bytes,uploaded_by) values
('80000000-0000-0000-0000-000000000001','private-files','1111/contracts/carla.pdf','application/pdf',14500,'10000000-0000-0000-0000-000000000002');

insert into public.identity_documents (object_id,document_kind,document_number,issued_by) values
('80000000-0000-0000-0000-000000000002','cpf','123.456.789-00','SSP');

insert into public.archive_items (object_id,category,serial_number,condition,estimated_value,location_label) values
('80000000-0000-0000-0000-000000000003','equipment','PRN-889','good',1200,'office room');

insert into public.merchandise (id,object_id,sku,unit,sale_price,cost_price,min_stock,is_active) values
('90000000-0000-0000-0000-000000000001','80000000-0000-0000-0000-000000000004','M-SKU-001','unit',100,60,10,true),
('90000000-0000-0000-0000-000000000002','80000000-0000-0000-0000-000000000005','M-SKU-002','unit',120,70,15,true),
('90000000-0000-0000-0000-000000000003','80000000-0000-0000-0000-000000000006','M-SKU-003','unit',140,80,8,true),
('90000000-0000-0000-0000-000000000004','80000000-0000-0000-0000-000000000007','M-SKU-004','unit',90,55,6,true),
('90000000-0000-0000-0000-000000000005','80000000-0000-0000-0000-000000000008','M-SKU-005','unit',60,30,20,true);

insert into public.inventory_locations (id,tenant_id,name,type,is_active) values
('91000000-0000-0000-0000-000000000001','11111111-1111-1111-1111-111111111111','Main Warehouse','warehouse',true),
('91000000-0000-0000-0000-000000000002','11111111-1111-1111-1111-111111111111','Store Front','store',true);

insert into public.inventory_movements (tenant_id,merchandise_id,location_id,movement_type,quantity,reference_type,reference_id,created_by) values
('11111111-1111-1111-1111-111111111111','90000000-0000-0000-0000-000000000001','91000000-0000-0000-0000-000000000001','in',50,'manual',null,'10000000-0000-0000-0000-000000000002'),
('11111111-1111-1111-1111-111111111111','90000000-0000-0000-0000-000000000002','91000000-0000-0000-0000-000000000001','in',40,'manual',null,'10000000-0000-0000-0000-000000000002'),
('11111111-1111-1111-1111-111111111111','90000000-0000-0000-0000-000000000003','91000000-0000-0000-0000-000000000001','in',20,'manual',null,'10000000-0000-0000-0000-000000000002'),
('11111111-1111-1111-1111-111111111111','90000000-0000-0000-0000-000000000004','91000000-0000-0000-0000-000000000002','in',10,'manual',null,'10000000-0000-0000-0000-000000000003'),
('11111111-1111-1111-1111-111111111111','90000000-0000-0000-0000-000000000005','91000000-0000-0000-0000-000000000002','in',5,'manual',null,'10000000-0000-0000-0000-000000000003'),
('11111111-1111-1111-1111-111111111111','90000000-0000-0000-0000-000000000001','91000000-0000-0000-0000-000000000001','reservation',8,'sales_order','30000000-0000-0000-0000-000000000001','10000000-0000-0000-0000-000000000002'),
('11111111-1111-1111-1111-111111111111','90000000-0000-0000-0000-000000000005','91000000-0000-0000-0000-000000000002','reservation',3,'sales_order','30000000-0000-0000-0000-000000000005','10000000-0000-0000-0000-000000000003');

insert into public.inventory_balances (tenant_id,merchandise_id,location_id,quantity_on_hand,quantity_reserved,quantity_available) values
('11111111-1111-1111-1111-111111111111','90000000-0000-0000-0000-000000000001','91000000-0000-0000-0000-000000000001',50,8,42),
('11111111-1111-1111-1111-111111111111','90000000-0000-0000-0000-000000000002','91000000-0000-0000-0000-000000000001',40,0,40),
('11111111-1111-1111-1111-111111111111','90000000-0000-0000-0000-000000000003','91000000-0000-0000-0000-000000000001',20,0,20),
('11111111-1111-1111-1111-111111111111','90000000-0000-0000-0000-000000000004','91000000-0000-0000-0000-000000000002',10,0,10),
('11111111-1111-1111-1111-111111111111','90000000-0000-0000-0000-000000000005','91000000-0000-0000-0000-000000000002',5,3,2);
